{
	"архангельск":{
		"center":[64.533333,40.533333],
		"boundaries":[27.4506621361,60.3600075373,58.6121673584,70.1894276115],
		"hgr_id":2},
	"владимерск":{
		"center":[56.133333,40.416667],
		"hgr_id":3},
	"владимерк":{
		"center":[56.133333,40.416667],
		"hgr_id":3},
	"вологодск":{
		"boundaries":[37.83,57.25,57.25,64.08],
		"center":[59.2,39.883333],
		"hgr_id":4},
	"володимерск":{
		"center":[56.133333,40.416667],
		"hgr_id":3},
	"воронеж":{
		"boundaries":[37.234,48.1597,43.0242,52.7866],
		"center":[51.671667,39.210556],
		"hgr_id":5},
	"воронежск":{
		"boundaries":[37.234,48.1597,43.0242,52.7866],
		"center":[51.671667,39.210556],
		"hgr_id":5},
	"выборгск":{
		"center":[60.709167,28.744167],
		"hgr_id":6},
	"выборг":{
		"center":[60.709167,28.744167],
		"hgr_id":6},
	"вятск":{
		"center":[58.6,49.65],
		"hgr_id":7},
	"екатеринославск":{
		"boundaries":[29.6,46.07,39.14,49.99],
		"center":[48.466601,35.018155],
		"hgr_id":8},
	"иркутск":{
		"center":[52.283333,104.3],
		"boundaries":[91.4,46.5,180,90],
		"hgr_id":9},
	"кавказск":{
		"boundaries":[41.38,43.76,55.07,52.05],
		"center":[46.323611,48.036667],
		"hgr_id":10},
	"казанск":{
		"center":[55.790833,49.114444],
		"hgr_id":11},
	"калужск":{
		"center":[54.533333,36.266667],
		"boundaries":[33.3881,53.2604,37.3796,55.374],
		"hgr_id":12},
	"киевск":{
		"center":[50.45,30.523333],
		"boundaries":[29.72503,49.08008,34.35625,51.49413],
		"hgr_id":13},
	"костромск":{
		"center":[57.766667,40.933333],
		"hgr_id":14},
	"кострома":{
		"center":[57.766667,40.933333],
		"hgr_id":14},
	"курск":{
		"center":[51.716667,36.183333],
		"hgr_id":15},
	"могилевск":{
		"boundaries":[29.5408,51.9042,32.863,55.194],
		"center":[53.916667,30.35],
		"hgr_id":16},
	"московск":{
		"center":[55.751667,37.617778],
		"boundaries":[34.3446,54.2132,40.3419,56.981],
		"hgr_id":1},
	"нижегородск":{
		"center":[56.32867,44.00205],
		"hgr_id":17},
	"новогородск":{
		"boundaries":[28.65,57.1,39.89,61.31],
		"center":[58.55,31.283333],
		"hgr_id":18},
	"новогородского - северск":{
		"center":[51.983333,33.266667],
		"hgr_id":19},
	"олонецк":{
		"center":[61.783333,34.35],
		"hgr_id":20},
	"орловск":{
		"center":[52.966667,36.066667],
		"boundaries":[32.7557,51.8511,39.224,54.0138],
		"hgr_id":21},
	"пензенск":{
		"boundaries":[41.8373,52.3247,46.7277,54.837],
		"center":[53.2,45],
		"hgr_id":22},
	"пермск":{
		"center":[58.013889,56.248889],
		"hgr_id":23},
	"поковск":{
		"center":[55.483333,28.8],
		"hgr_id":25},
	"полотск":{
		"center":[55.483333,28.8],
		"hgr_id":24},
	"псковск":{
		"center":[57.816667,28.333333],
		"boundaries":[24.1218047142,55.1937102573,32.1900482178,59.0651312501],
		"hgr_id":25},
	"ревельск":{
		"center":[59.437222,24.745278],
		"boundaries":[20.5292754173,56.9321865873,28.3777923584,59.7749278302],
		"hgr_id":26},
	"рижск":{
		"center":[56.9475,24.106944],
		"hgr_id":27},
	"рязанск":{
		"boundaries":[38.154,53.0517,41.6952,55.9254],
		"center":[54.616667,39.716667],
		"hgr_id":28},
	"саратовск":{
		"boundaries":[40.3,48.45,51.36,53.18],
		"center":[51.533333,46],
		"hgr_id":29},
	"синбирск":{
		"center":[54.316667,48.366667],
		"hgr_id":30},
	"смоленск":{
		"center":[54.782778,32.045278],
		"hgr_id":31},
	"тамбовск":{
		"center":[52.716667,41.433333],
		"hgr_id":32},
	"тверск":{
		"center":[56.857828,35.921928],
		"hgr_id":33},
	"тобольск":{
		"center":[58.195278,68.258056],
		"hgr_id":34},
	"тульск":{
		"center":[54.2,37.616667],
		"boundaries":[35.5421,52.8329,39.6827,55.0867],
		"hgr_id":35},
	"тульскаг":{
		"center":[54.2,37.616667],
		"hgr_id":35},
	"уфимск":{
		"center":[54.733333,55.966667],
		"hgr_id":36},
	"харьковск":{
		"boundaries":[33.5563,48.4869,38.2875,51.5689],
		"center":[50,36.229167],
		"hgr_id":37},
	"черниговск":{
		"center":[51.5,31.3],
		"hgr_id":38},
	"ярославск":{
		"center":[57.616667,39.85],
		"hgr_id":39},
	"нот_ин_теxт":{
		"center":[53.727345202945,54.047898583217],
		"boundaries":[24.8,38.6,180,78.0],
		"hgr_id":0}
}