{
	"архангельск":{
		"center":[64.533333,40.533333],
		"boundaries":[27.4506621361,60.3600075373,58.6121673584,70.1894276115]},
	"владимерск":{
		"center":[56.133333,40.416667]},
	"владимерк":{
		"center":[56.133333,40.416667]},
	"вологодск":{
		"boundaries":[37.83,57.25,57.25,64.08],
		"center":[59.2,39.883333]},
	"володимерск":{
		"center":[56.133333,40.416667]},
	"воронеж":{
		"center":[56.133333,40.416667]},
	"воронежск":{
		"center":[51.671667,39.210556]},
	"выборгск":{
		"center":[60.709167,28.744167]},
	"выборг":{
		"center":[60.709167,28.744167]},
	"вятск":{
		"center":[58.6,49.65]},
	"екатеринославск":{
		"boundaries":[29.6,46.07,39.14,49.99],
		"center":[48.466601,35.018155]},
	"иркутск":{
		"center":[52.283333,104.3],
		"boundaries":[91.4,46.5,180,90]},
	"кавказск":{
		"boundaries":[41.38,43.76,55.07,52.05],
		"center":[46.323611,48.036667]},
	"казанск":{
		"center":[55.790833,49.114444]},
	"калужск":{
		"center":[54.533333,36.266667]},
	"киевск":{
		"center":[50.45,30.523333],
		"boundaries":[29.72503,49.08008,34.35625,51.49413]},
	"костромск":{
		"center":[57.766667,40.933333]},
	"костром":{
		"center":[57.766667,40.933333]},
	"курск":{
		"center":[51.716667,36.183333]},
	"могилевск":{
		"boundaries":[29.5408,51.9042,32.863,55.194],
		"center":[53.916667,30.35]},
	"московск":{
		"center":[55.751667,37.617778],
		"boundaries":[34.3446,54.2132,40.3419,56.981]},
	"нижегородск":{
		"center":[56.32867,44.00205]},
	"новогородск":{
		"boundaries":[28.65,57.1,39.89,61.31],
		"center":[58.55,31.283333]},
	"новогородского - северск":{
		"center":[51.983333,33.266667]},
	"олонецк":{
		"center":[61.783333,34.35]},
	"орловск":{
		"center":[52.966667,36.066667]},
	"пензенск":{
		"boundaries":[41.8373,52.3247,46.7277,54.837],
		"center":[53.2,45]},
	"пермск":{
		"center":[58.013889,56.248889]},
	"поковск":{
		"center":[55.483333,28.8]},
	"полотск":{
		"center":[55.483333,28.8]},
	"псковск":{
		"center":[57.816667,28.333333],
		"boundaries":[24.1218047142,55.1937102573,32.1900482178,59.0651312501]},
	"ревельск":{
		"center":[59.437222,24.745278],
		"boundaries":[20.5292754173,56.9321865873,28.3777923584,59.7749278302]},
	"рижск":{
		"center":[56.9475,24.106944]},
	"рязанск":{
		"boundaries":[42.0982,52.3066,46.7497,54.8422],
		"center":[54.616667,39.716667]},
	"саратовск":{
		"boundaries":[40.3,48.45,51.36,53.18],
		"center":[51.533333,46]},
	"синбирск":{
		"center":[54.316667,48.366667]},
	"смоленск":{
		"center":[54.782778,32.045278]},
	"тамбовск":{
		"center":[52.716667,41.433333]},
	"тверск":{
		"center":[56.857828,35.921928]},
	"тобольск":{
		"center":[58.195278,68.258056]},
	"тульск":{
		"center":[54.2,37.616667],
		"boundaries":[35.5421,52.8329,39.6827,55.0867]},
	"тульскаг":{
		"center":[54.2,37.616667]},
	"уфимск":{
		"center":[54.733333,55.966667]},
	"харьковск":{
		"boundaries":[33.5563,48.4869,38.2875,51.5689],
		"center":[50,36.229167]},
	"черниговск":{
		"center":[51.5,31.3]},
	"ярославск":{
		"center":[57.616667,39.85]},
	"нот_ин_теxт":{
		"boundaries":[24.8,38.6,180,78.0]}
}