{
	"архангельск":[27.4506621361,60.3600075373,58.6121673584,70.1894276115],
	"владимерск":[56.133333,40.416667],
	"владимерк":[56.133333,40.416667],
	"вологодск":[59.2,39.883333],
	"володимерск":[56.133333,40.416667],
	"воронеж":[56.133333,40.416667],
	"воронежск":[51.671667,39.210556],
	"выборгск":[60.709167,28.744167],
	"выборг":[60.709167,28.744167],
	"вятск":[58.6,49.65],
	"екатеринославск":[48.466601,35.018155],
	"иркутск":[91.4,46.5,180,90],
	"кавказск":[46.323611,48.036667],
	"казанск":[55.790833,49.114444],
	"калужск":[54.533333,36.266667],
	"киевск":[29.72503,49.08008,34.35625,51.49413],
	"костромск":[57.766667,40.933333],
	"костром":[57.766667,40.933333],
	"курск":[51.716667,36.183333],
	"могилевск":[53.916667,30.35],
	"московск":[34.3446,54.2132,40.3419,56.981],
	"нижегородск":[58.55,31.283333],
	"новогородск":[58.55,31.283333],
	"новогородского - северск":[51.983333,33.266667],
	"олонецк":[61.783333,34.35],
	"орловск":[52.966667,36.066667],
	"пензенск":[53.2,45],
	"пермск":[58.013889,56.248889],
	"поковск":[55.483333,28.8],
	"полотск":[55.483333,28.8],
	"псковск":[57.816667,28.333333],
	"ревельск":[59.437222,24.745278],
	"рижск":[56.9475,24.106944],
	"рязанск":[54.616667,39.716667],
	"саратовск":[51.533333,46],
	"синбирск":[54.316667,48.366667],
	"смоленск":[54.782778,32.045278],
	"тамбовск":[52.716667,41.433333],
	"тверск":[56.857828,35.921928],
	"тобольск":[58.195278,68.258056],
	"тульск":[35.5421,52.8329,39.6827,55.0867],
	"тульскаг":[54.2,37.616667],
	"уфимск":[54.733333,55.966667],
	"харьковск":[50,36.229167],
	"черниговск":[51.5,31.3],
	"ярославск":[57.616667,39.85],
	"нот_ин_теxт":[24.8,38.6,180,78.0]
}