{
  "1.0": {
    "boundaries": [
      34.3446,
      54.2132,
      40.3419,
      56.981
    ],
    "center": [
      55.751667,
      37.617778
    ]
  },
  "2.0": {
    "boundaries": [
      27.4506621361,
      60.3600075373,
      58.6121673584,
      70.1894276115
    ],
    "center": [
      64.533333,
      40.533333
    ]
  },
  "3.0": {
    "center": [
      56.133333,
      40.416667
    ]
  },
  "4.0": {
    "boundaries": [
      37.83,
      57.25,
      57.25,
      64.08
    ],
    "center": [
      59.2,
      39.883333
    ]
  },
  "5.0": {
    "boundaries": [
      37.234,
      48.1597,
      43.0242,
      52.7866
    ],
    "center": [
      51.671667,
      39.210556
    ]
  },
  "6.0": {
    "center": [
      60.709167,
      28.744167
    ]
  },
  "7.0": {
    "center": [
      58.6,
      49.65
    ]
  },
  "8.0": {
    "boundaries": [
      29.6,
      46.07,
      39.14,
      49.99
    ],
    "center": [
      48.466601,
      35.018155
    ]
  },
  "9.0": {
    "boundaries": [
      91.4,
      46.5,
      180,
      90
    ],
    "center": [
      52.283333,
      104.3
    ]
  },
  "10.0": {
    "boundaries": [
      41.38,
      43.76,
      55.07,
      52.05
    ],
    "center": [
      46.323611,
      48.036667
    ]
  },
  "11.0": {
    "center": [
      55.790833,
      49.114444
    ]
  },
  "12.0": {
    "boundaries": [
      33.3881,
      53.2604,
      37.3796,
      55.374
    ],
    "center": [
      54.533333,
      36.266667
    ]
  },
  "13.0": {
    "boundaries": [
      29.72503,
      49.08008,
      34.35625,
      51.49413
    ],
    "center": [
      50.45,
      30.523333
    ]
  },
  "14.0": {
    "center": [
      57.766667,
      40.933333
    ]
  },
  "15.0": {
    "center": [
      51.716667,
      36.183333
    ]
  },
  "16.0": {
    "boundaries": [
      29.5408,
      51.9042,
      32.863,
      55.194
    ],
    "center": [
      53.916667,
      30.35
    ]
  },
  "17.0": {
    "center": [
      56.32867,
      44.00205
    ]
  },
  "18.0": {
    "boundaries": [
      28.65,
      57.1,
      39.89,
      61.31
    ],
    "center": [
      58.55,
      31.283333
    ]
  },
  "19.0": {
    "center": [
      51.983333,
      33.266667
    ]
  },
  "20.0": {
    "center": [
      61.783333,
      34.35
    ]
  },
  "21.0": {
    "boundaries": [
      32.7557,
      51.8511,
      39.224,
      54.0138
    ],
    "center": [
      52.966667,
      36.066667
    ]
  },
  "22.0": {
    "boundaries": [
      41.8373,
      52.3247,
      46.7277,
      54.837
    ],
    "center": [
      53.2,
      45
    ]
  },
  "23.0": {
    "boundaries": [
      50.56,
      55.22,
      65.27,
      61.8
    ],
    "center": [
      58.013889,
      56.248889
    ]
  },
  "24.0": {
    "center": [
      55.483333,
      28.8
    ]
  },
  "25.0": {
    "boundaries": [
      24.1218047142,
      55.1937102573,
      32.1900482178,
      59.0651312501
    ],
    "center": [
      57.816667,
      28.333333
    ]
  },
  "26.0": {
    "boundaries": [
      20.5292754173,
      56.9321865873,
      28.3777923584,
      59.7749278302
    ],
    "center": [
      59.437222,
      24.745278
    ]
  },
  "27.0": {
    "center": [
      56.9475,
      24.106944
    ]
  },
  "28.0": {
    "boundaries": [
      38.154,
      53.0517,
      41.6952,
      55.9254
    ],
    "center": [
      54.616667,
      39.716667
    ]
  },
  "29.0": {
    "boundaries": [
      40.3,
      48.45,
      51.36,
      53.18
    ],
    "center": [
      51.533333,
      46
    ]
  },
  "30.0": {
    "center": [
      54.316667,
      48.366667
    ]
  },
  "31.0": {
    "center": [
      54.782778,
      32.045278
    ]
  },
  "32.0": {
    "center": [
      52.716667,
      41.433333
    ]
  },
  "33.0": {
    "center": [
      56.857828,
      35.921928
    ]
  },
  "34.0": {
    "boundaries": [
      50.85,
      53.98,
      114.0,
      77.44
    ],
    "center": [
      58.195278,
      68.258056
    ]
  },
  "35.0": {
    "boundaries": [
      35.5421,
      52.8329,
      39.6827,
      55.0867
    ],
    "center": [
      54.2,
      37.616667
    ]
  },
  "36.0": {
    "center": [
      54.733333,
      55.966667
    ]
  },
  "37.0": {
    "boundaries": [
      33.5563,
      48.4869,
      38.2875,
      51.5689
    ],
    "center": [
      50,
      36.229167
    ]
  },
  "38.0": {
    "center": [
      51.5,
      31.3
    ]
  },
  "39.0": {
    "center": [
      57.616667,
      39.85
    ]
  },
  "40": {
    "center": [
      59.93863,
      30.31413
    ]
  },
  "41": {
    "center": [
      59.93863,
      30.31413
    ]
  }
}